id,date
0001AbuTalibCabdManaf,1
0151IbnIshaq,151
0195MuarrijSadusi,195
0213IbnHisham,213
0236AbuCabdAllahZubayri,236
0255Jahiz,255
0279Baladhuri,279
0292Yacqubi,292
0310Tabari,310
0321IbnDuraydAzdi,321
0353AbuCabbasHasani,353
0363QadiNucman,363
0385IbnHasanSirafi,385
0390IbnZakariyaNahrawani,390
0393IbnHammadJawhari,393
0395AbuHilalCaskari,395
0405HakimNaysaburi,405
0413ShaykhMufid,413
0449AbuFathKarajiki,449
0463IbnCabdBarr,463
0508FattalNaysaburi,508
0535QawwamSunna,535
0541IbnCatiyyaAndalusi,541
0548IbnHasanTabarsi,548
0571IbnCasakir,571
0573IbnHibatAllahQutbDinRawandi,573
0581AbuQasimSuhayli,581
0588IbnShahrAshub,588
0597IbnJawzi,597
0608IbnCutyaQudaciTurtushi,608
0609AbuCabbasJarrawi,609
0612CaliIbnWalidYamani,612
0620IbnQudamaMaqdisi,620
0626YaqutHamawi,626
0630IbnAthirCizzDin,630
0634AbuRabicHimyari,634
0645TilimsaniBurri,645
0654SibtIbnJawzi,654
0656IbnAbiHadid,656
0664IbnHatimCamiliShami,664
0664IbnTawus,664
0671AbuCabdAllahQurtubi,671
0700IbnYusufIbnJabar,700
0705IbnYusufHilli,705
0710IbnAydamurMustacsimi,710
0711IbnManzurIfriqi,711
0733Nuwayri,733
0734IbnSayyidNas,734
0748Dhahabi,748
0749IbnFadlAllahCumari,749
0762MughultayIbnQilij,762
0764Safadi,764
0774IbnKathir,774
0779IbnHabibHalabi,779
0789IbnMuhammadKhuzaci,789
0828IbnCinaba,828
0833IbnJazari,833
0842IbnNasirDinDimashqi,842
0855BadrDinCayni,855
0877IbnYusufZaynDinCamili,877
0893IbnAbiBakrHadari,893
0001AwsIbnHajar,1
0206IbnMirarShaybani,206
0209MacmarIbnMuthanna,209
0212IbnMuzahimMinqari,212
0276IbnQutaybaDinawari,276
0284Buhturi,284
0285IbnYazidMubarrad,285
0322AbuHatimRazi,322
0328IbnCabdRabbihi,328
0337IbnIshaqZajjaji,337
0337QudamaIbnJacfar,337
0356AbuCaliQali,356
0362AbuFarajIsbahani,362
0362SariRaffa,362
0377IbnMuhammadShimshati,377
0380Khalidiyyan,380
0388IbnHasanHatimi,388
0418WazirMaghribi,418
0421AbuSacdAbi,421
0429AbuMansurThacalibi,429
0430AswadGhundijani,430
0436SharifMurtada,436
0449AbuCalaMacarri,449
0450AbuHasanMawardi,450
0476AclamShantamari,476
0487AbuCubaydBakri,487
0515IbnMuhammadAminDinTarabulusi,515
0536IbnCaliMazariTamimi,536
0538JarAllahZamakhshari,538
0562IbnHamdun,562
0571IbnIbrahimIbnSacdKhayrAnsari,571
0597IbnMubarakBaghdadi,597
0600IbnCabdAllahQaysi,600
0643CaliSakhawi,643
0659SadrDinBasri,659
0673AbuMahasinYaghmuri,673
0686RadiDinAstarabadhi,686
0773BahaDinSubki,773
0001ImruQaysIbnHujr,1
0168MufaddalDabbi,168
0309KuracNaml,309
0315AkhfashAsghar,315
0328IbnQasimAnbari,328
0360IbnCaliQassab,360
0370IbnBishrAmidi,370
0384IbnCimranMarzubani,384
0400IbnTahirMaqdisi,400
0414AbuHayyanTawhidi,414
0421IbnMuhammadMarzuqi,421
0431IbnMuhammadZuzani,431
0458AbuYaclaIbnFarra,458
0463IbnRashiqQayrawani,463
0467AbuQasimFarisi,467
0500Anonymous,500
0502IbnCaliTabriziShaybani,502
0510CawtabiSuhari,510
0521IbnMuhammadBatalyawsi,521
0540AbuMansurJawaliqi,540
0542IbnMunjibTajRiyasaIbnSayrafi,542
0564IbnNasrIbnDajajiHanbali,564
0619AbuCabbasSharishi,619
0685IbnSacidMaghribi,685
0716NajmDinTufi,716
0723IbnFuwati,723
0736IbnDawadari,736
0745AbuHayyanGharnati,745
0749MuayyadYahya,749
0751IbnQayyimJawziyya,751
0756IbnYusufSaminHalabi,756
0756TaqiDinSubki,756
0763IbnMuflihHanbaliMuqaddasi,763
0790IbnMusaGharnatiShatibi,790
0800IbnCadilHanbali,800
0845Maqrizi,845
0896IbnCaliIbnAzraqGharnati,896
0899Rajraji,899
0170AbuZaydQurashi,170
0486IbnAhmadZuzani,486
0001Shanfara,1
0001TaabbataSharran,1
0511SalmaSahari,511
0646IbnQifti,646
0041LabidIbnRabica,41
0296MuhammadIbnJarrah,296
0430MuwaffaqHusaynJurjani,430
0562Samcani,562
0854IbnCarabshah,854
0001CantaraIbnShaddad,1
0290AbuTalibIbnSalama,290
0296IbnMuctazz,296
0297IbnDawudZahiri,297
0331Jahshiyari,331
0333IbnMarwanDinawari,333
0377IbnAhmadFarisi,377
0405CabdKarimNahshaliQayrawani,405
0406SharifRadi,406
0468IbnAhmadWahidiNaysaburi,468
0489Waqqashi,489
0518IbnMuhammadMaydaniNaysaburi,518
0584IbnMunqidhShayzari,584
0614MansurCabdAllah,614
0672IbnMalikJayyaniTai,672
0763IbnCabdRahmanAndalusiFazari,763
0837JamalDinSancani,837
0885BurhanDinBiqaci,885
0001SulaykIbnSulaka,1
0310IbnCabbasYazidi,310
0382IbnCabdAllahCaskari,382
0502RaghibIsbahani,502
0622IbnShamsKhilafa,622
0702IbnCabdRahmanCubaydi,702
0817MajdDinFiruzabadi,817
0216IbnQuraybAsmaci,216
0231IbnZiyadAcrabi,231
0001HarithIbnHilliza,1
0334IbnHaikHamdani,334
0458IbnSidaMursi,458
0215AbuZaydAnsari,215
0256ZubayrIbnBakkar,256
0314IbnActhamKufi,314
0320IbnMuhammadBayhaqi,320
0346Mascudi,346
0453AbuIshaqHusri,453
0582IbnBarri,582
0616MuhibbDinCukbari,616
0677JamalDinAhmadAlTawus,677
0718AbuIshaqWatwat,718
0778NazirJaysh,778
0836FaqihYusuf,836
0001CalqamaFahl,1
0021CamrZubaydi,21
0170KhalilFarahidi,170
0204Shafici,204
0207IbnZiyadFarra,207
0224QasimIbnSalam,224
0231IbnSallamJumahi,231
0245MuhammadIbnHabib,245
0246DicbilKhuzaci,246
0256Bukhari,256
0264IbnYahyaMuzani,264
0281IbnAbiDunya,281
0322IbnAbiCawn,322
0322IbnTabataba,322
0327AbuBakrKharaiti,327
0335IbnWahbKatib,335
0338AbuJacfarNahhas,338
0354IbnHibbanBusti,354
0354Mutanabbi,354
0360Tabarani,360
0370AbuMansurAzhari,370
0370IbnAhmadIbnKhalawayh,370
0375IbnHamzaBasri,375
0388AbuSulaymanKhattabi,388
0392IbnCabdCazizJurjani,392
0392IbnJinniMawsili,392
0393IbnWakicTinnisi,393
0400IbnHusaynBazyar,400
0403AbuBakrBaqillani,403
0427AbuIshaqThaclabi,427
0435MuhallabAndalusi,435
0437MakkiIbnHammushQaysi,437
0445IbnHasanZuzani,445
0449IbnBattalQurtubi,449
0451IbnYunusSiqilli,451
0458Bayhaqi,458
0460IbnSharafQayruwani,460
0460ShaykhTusi,460
0463KhatibBaghdadi,463
0465IbnHawazinQushayri,465
0471CabdQahirJurjani,471
0479IbnFaddalQayruwani,479
0505IbnHamzaTajQurraKirmani,505
0507IbnQaysarani,507
0510IbnMascudBaghawi,510
0520IbnMuhammadTurtushi,520
0542IbnBassamShantarini,542
0543IbnCarabiIshbili,543
0550AbuHajjajAshcari,550
0573NashwanHimyari,573
0580IbnCaliIbnAbiYacla,580
0581IbnKharratIshbili,581
0595IbnRushdHafid,595
0600AbuBaqaHilli,600
0606IbnAthirMajdDin,606
0613CaliIbnZafir,613
0625SafiDinHalabi,625
0630IbnCaliShaficiQalci,630
0637IbnAthirDiyaDin,637
0643MuntajibHamadhani,643
0644IbnCaliCizzDinMuhallabi,644
0650IbnMuhammadRadiDinSaghani,650
0654IbnCabdWahidIbnAbiIsbac,654
0656IbnFadlMuzaffarCiraqi,656
0657IbnIbrahimIrbili,657
0660IbnCadim,660
0666IbnAbiBakrZaynDinRazi,666
0683IbnMunayyir,683
0685NasirDinBaydawi,685
0692IbnCisaBahaDinIrbili,692
0702IbnDaqiqCidQushayri,702
0708IbnIbrahimAbuJacfarGharnati,708
0710IbnAhmadHafizDinNasafi,710
0728IbnTaymiyya,728
0730NizamDinNaysaburi,730
0732AbuFida,732
0741KhazinBaghdadi,741
0742Mizzi,742
0743SharafDinTibi,743
0745IbnHamzaMuayyadBiLlahTalibi,745
0749BadrDinMisriMuradi,749
0749ZaynDinIbnWardi,749
0761JamalDinIbnHisham,761
0768Yafici,768
0776LisanDinIbnKhatib,776
0779IbnYahyaHarraniMuqaddasi,779
0786ShamsDinKirmani,786
0804IbnMulaqqin,804
0815IbnCabdAllahGhazuli,815
0821Qalqashandi,821
0827BadrDinDamaminiMakhzumi,827
0829IbnMuhammadGharnatiQaysi,829
0831ShamsDinBirmawi,831
0837IbnHijjaHamawi,837
0850Acqam,850
0850ShihabDinIbshihi,850
0852IbnHajarCasqalani,852
0883AbuBakrJuraci,883
0893IbnIsmacilShihabDinKurani,893
0900AbuCabdAllahHimyari,900
0001MuhalhilIbnRabica,1
0427AbuNasrCutbi,427
0489IbnMuhammadSamcani,489
0001MuthaqqibCabdi,1
0231AbuTamam,231
0001NabighaDhubyani,1
0011CamirIbnTufayl,11
0125NabighaShaybani,125
0167BashsharIbnBurdShacir,167
0198AbuNuwasShacir,198
0215AkhfashAwsat,215
0235IbnAbiShayba,235
0262CumarIbnShabba,262
0277IbnSufyanFasawi,277
0283IbnRumi,283
0323IbnCabdCazizBasri,323
0335Suli,335
0360KushajimShacir,360
0384AbuHasanRummani,384
0395IbnFarisQazwini,395
0400IbnHaddad,400
0426IbnShuhaydAshjaci,426
0459CaliIbnAbiGhanaimCumariNassaba,459
0466IbnSinanKhafaji,466
0517AbuTahirBaghdadi,517
0542IbnCaliDiyaDinIbnShajari,542
0606IbnMamati,606
0633IbnHasanIbnDihyaKalbi,633
0638IbnCarabi,638
0681IbnKhallikan,681
0739JalalDinQazwini,739
0769IbnFarhunBadrDin,769
0771Subki,771
0776IbnAbiHajalaShihabDinMaghribi,776
0792IbnCumarTaftazani,792
0054HassanIbnThabit,54
0291IbnYahyaThaclab,291
0360Ramhurmuzi,360
0537IbnMuhammadNajmDinNasafi,537
0658IbnAbbar,658
0001Quran,1
0104MujahidIbnJabr,104
0122ZaydIbnCali,122
0145MufaddalIbnCumarJucfi,145
0148AbuHamzaThumali,148
0150MuqatilIbnSulayman,150
0189IbnHamzaKisai,189
0197IbnWahbQurashi,197
0200IbnJacfarSadiq,200
0200YahyaIbnSalam,200
0203CaliRida,203
0207Waqidi,207
0227IbnMansurKhurasani,227
0241IbnHanbal,241
0246QasimRassi,246
0247AhmadIbnCisa,247
0250HudHawari,250
0250IbnCatiyyaShami,250
0260IbnShadhanAzdi,260
0260ImamCaskari,260
0261Muslim,261
0272Fakihi,272
0275AbuDawudSijistani,275
0275AbuHawariCumani,275
0280HudHawari,280
0283SahlTustari,283
0287IbnAbiCasim,287
0290IbnAhmadIbnHanbal,290
0292AbuBakrBazzar,292
0298HadiIlaHaqqYahya,298
0300Anonymous,300
0300IbnJacfarHimyari,300
0300IbnSacidKufi,300
0303Nasai,303
0304HasanUtrush,304
0307AbuYaclaMawsili,307
0310CabdAllahIbnHusaynRassi,310
0311IbnBajirBajiri,311
0311IbnSariZajjaj,311
0316IbnIshaqIsfaraini,316
0319IbnMundhirNaysaburi,319
0320HakimTirmidhi,320
0320IbnMascudCayyashi,320
0321AbuJacfarTahawi,321
0322AbuJacfarCuqayli,322
0327IbnAbiHatimRazi,327
0329IbnIbrahimQummi,329
0329IbnYacqubKulayni,329
0333AbuMansurMaturidi,333
0334IbnHamdanKhusaybi,334
0340IbnMusaTabari,340
0352IbnAhmadKufi,352
0352IbnIbrahimKufi,352
0360AbuBakrAjurri,360
0364AbuHasanBisyawi,364
0365IbnCadiJurjani,365
0367AbuLaythSamarqandi,367
0369AbuShaykhIsbahani,369
0370IbnCaliJassas,370
0373AbuLaythSamarqandi,373
0375IkhwanSafa,375
0377IbnAhmadCasqalani,377
0381IbnBabawayh,381
0384IbnCaliTanukhi,384
0387IbnBattaCukbari,387
0395IbnMandahMuhammad,395
0398AbuNasrKalabadhi,398
0399IbnAbiZamanaynIlbiri,399
0400IbnCaliHarrani,400
0401IbnSaburZayyat,401
0403AbuCabdAllahHalimi,403
0403IbnZanjala,403
0406IbnFurakIsbahani,406
0411MuayyadAhmad,411
0413IbnTalhaNaccali,413
0414AbuQasimRazi,414
0415QadiCabdJabbar,415
0420IbnCabdAllahKhatibIskafi,420
0430AbuNucaymIsbahani,430
0437IbnHammushQayruwani,437
0445AbuCabdAllahCalawi,445
0456IbnHazm,456
0461AbuHusaynFarisi,461
0461AbuZakariyaBukhari,461
0474IbnKhalafBaji,474
0480IbnAhmadHakimHaskani,480
0488IbnFutuhHumaydi,488
0492IbnMurajjaMaqdisi,492
0496IbnNajahAndalusi,496
0498AbuCaliJayyani,498
0502CabdWahidRuyani,502
0504IbnMuhammadCimadDinTabari,504
0505Ghazali,505
0509IbnShahridarDaylami,509
0517AbuNucaymHaddadIsbahani,517
0520IbnRushdJadd,520
0540IbnAhmadCalaDinSamarqandi,540
0544QadiCiyad,544
0548IbnCabdKarimShahrastani,548
0557IbrahimBinHusaynHamidi,557
0560IbnCaliIbnHamzaTusi,560
0560WazirIbnHubayraShaybani,560
0561CabdQadirJilani,561
0563AbuCalaKirmani,563
0566MutawakkilAhmad,566
0570AbuYacqubWarjalani,570
0571IbnCaliDiyaDinRawandi,571
0578AhmadRifaci,578
0598IbnIbrahimIbnHajjQunawi,598
0600CabdGhaniMuqaddasi,600
0600IbnHasanIbnBitriq,600
0606FakhrDinRazi,606
0611CaliHarawi,611
0616BurhanDinBukhari,616
0618NajmDinAhmadIbnCumar,618
0619IbnCabdWahidGhafiqi,619
0630IbnMuhammadBadrDinRazi,630
0634IbnNajmIbnHanbaliJazari,634
0636IbnKhalfunAzdi,636
0643DiyaDinMuqaddasi,643
0647IbnAbiNajmSacdi,647
0656AbuCabbasAnsariQurtubi,656
0656IbnCabdQawiMundhiri,656
0658TaqiDinYunini,658
0660SultanCulamaCizzDinDimashqi,660
0662HusaynIbnBadrDin,662
0667CabdAllahIbnZaydCanasi,667
0673IbnMahalliNahwi,673
0676Nawawi,676
0690IbnMujawirDimashqi,690
0694MuhibbDinTabari,694
0700AbuFadlCaliTabarsi,700
0700MuhammadIbnMuhammadSabzawari,700
0708IbnIbrahimBaqquri,708
0726CallamaHilli,726
0727MuzhiriZaydani,727
0728IbnMutahharZaydi,728
0733IbnJamacaBadrDinHamawi,733
0741IbnAhmadGharnatiKalbi,741
0744IbnCabdHadi,744
0745IbnMuhammadTaqiDinIbnImam,745
0750IbnYusufZarandi,750
0758NajmDinTarsusi,758
0761IbnKaykaldiCalai,761
0762IbnDurayhim,762
0762IbnYusufZaylaci,762
0763IbnNaqqash,763
0774IbnMuhammadShamsDinIbnMawsili,774
0776JamalDinSurramarri,776
0786ShahidAwwal,786
0789IbnMuhibbSamit,789
0792SadrDinIbnAbiCizzAdhraci,792
0794BadrDinZarkashi,794
0795IbnRajabHanbali,795
0800AbuHafsCamrIbnJamic,800
0803BahaDinNajafi,803
0803IbnCarafaWarghami,803
0803IbnMusaJamalDinMalati,803
0806IbnHusaynZaynDinCiraqi,806
0807NurDinHaythami,807
0810IbnHadi,810
0825IbnNurDin,825
0839MahdiAhmadIbnYahya,839
0840IbnWazirMuhammad,840
0840IbnWazirYamani,840
0840ShihabDinBusiri,840
0841JamalDinIbnFahdHilli,841
0844IbnHusaynIbnRaslanRamli,844
0854IbnMalak,854
0856IbnDawudHanbali,856
0873AbuZaydThacalibi,873
0874BadrDinIbnQadiShuhba,874
0879IbnMuhammadIbnAmirHajj,879
0880IbnAbiJumhurAhsai,880
0880IbnAhmadShamsDinAsyuti,880
0883ShihabDinBinNasrDaci,883
0894CabdRahmanSufuri,894
0037IbnMuqbil,37
0007MaymunIbnQaysAcsha,7
0300IbnSulaymanKufi,300
0351HamzaIsbahani,351
0684IbnHazimQartajanni,684
0001CamrIbnMalik,1
0516IbnCaliHariri,516
0285IbrahimHarbi,285
0521MuhammadHamadhani,521
0626IbnMuhammadKhwarazmiSakkaki,626
0682ZakariyaQazwini,682
0725Anonymous,725
0725BaybarsMansuri,725
0769IbnCaqilBahaDinMisri,769
0001TarafaIbnCabd,1
0283AbuIshaqThaqafi,283
0425RaqiqQayruwani,425
0577IbnHishamLakhmi,577
0764IbnShakirKutubi,764
0772IbnHasanJamalDinIsnawi,772
0808MuhammadDamiri,808
0884AbuDharrSibtIbnCajami,884
0900ImamHadiCizzDinIbnHasan,900
0001TufaylGhanawi,1
0105AhwasAnsari,105
0302QasimCawfi,302
0330IbnCuzayrSijistani,330
0368Sirafi,368
0399AbuMuslimBaghdadi,399
0698IbnFaraGhassani,698
0001ZuhayrIbnAbiSulma,1
0247FathIbnKhaqan,247
0283IbnIbrahimKhuttali,283
0325IbnIshaqWashsha,325
0380IbnCabdRahmanIsbahani,380
0380IbnMuhammadBasili,380
0501IbnMakkiSiqilli,501
0577AbuBarakatAnbari,577
0685SadidDinMuhallabi,685
0830IbnMuhammadBasiliTunisi,830
0068AbdAllahIbnCabbas,68
0244IbnSikkit,244
0280CuthmanIbnSacidDarimi,280
0282AbuHanifaDinawari,282
0379Zubaydi,379
0421Miskawayh,421
0428IbnAbiCaliIsfahani,428
0553BayanHaqqNaysaburi,553
0604AbuDharrKhushani,604
0625IbnCabdHaqqYafurani,625
0204IbnKalbi,204
0643IbnYacish,643
0688IbnAhmadIshbiliUmawi,688
0022ShammakhIbnDirar,22
0433IbnAhmadCamidi,433
0280IbnTayfur,280
0026KacbIbnZuhayr,26
0281IbnHusaynHamdani,281
0351IbnQanic,351
0428AbuHusaynQuduri,428
0750IbnLuyunTujibi,750
0778BadrDinBacli,778
0861IbnHumam,861
0864Jazairi,864
0030CurwaIbnHizam,30
0354IbnHasanCattar,354
0500IbnAhmadSarrajBaghdadi,500
0284Bandaniji,284
0040CaliIbnAbiTalib,40
0189MuhammadShaybani,189
0333IbnCuqdahKufi,333
0356IbnQasimMisri,356
0386AbuTalibMakki,386
0398IbnCaliHamadhani,398
0406IbnMuhammadNaysaburi,406
0412Sulami,412
0424AbuTalibYahyaHaruni,424
0441IbnCaliSuri,441
0444AbuFadlIbnMahdi,444
0454AbuMuhammadJawhari,454
0454IbnSalamaMisri,454
0471IbnCaliBalkhi,471
0476AbuIshaqShirazi,476
0492AbuHasanKhulci,492
0494HakimJushami,494
0497AbuMuticMisri,497
0499MurshidYahyaIbnShajari,499
0500AbuNasrMaqdisi,500
0568IbnAhmadKhwarazmiMakki,568
0575IbnBabawayh,575
0576AbuTahirSilafi,576
0581AbuMusaMadini,581
0590IbnNasrJalalDinShayzari,590
0623AbuQasimRafici,623
0637IbnMustawfi,637
0643IbnSalahShahrazuri,643
0645IbnNimaHilli,645
0651Bunasi,651
0652IbnTalhaKamalDinNasibi,652
0682IbnCabdakKunji,682
0693IbnAbiFathIrbili,693
0724IbnCattar,724
0725IbnMucallim,725
0740JunaydShirazi,740
0812CaliKhazraji,812
0832AbuTayyibFasi,832
0855IbnSabbaghMakki,855
0871IbnAhmadShamsDinBacuni,871
0874IbnTaghribirdi,874
0248AbuHatimSijistani,248
0673IbnMansurIbnHaddad,673
0767KhalilIbnIshaq,767
0785IbnMuhammadShamsDinManbiji,785
0045JarwalIbnAwsHutaya,45
0068CabdAllahIbnCabbas,68
0306Wakic,306
0513AbuWafaIbnCaqil,513
0060MucawiyaIbnAbiSufyan,60
0230IbnSacd,230
0316MuhammadMurtada,316
0329IbnAhmadRabaci,329
0340IbnAcrabiBasri,340
0390IbnAkhiMimiDaqqaq,390
0400IbnJarirTabariSaghir,400
0459IbnMuhammadDimashqi,459
0510AbuKhattabKalwadhani,510
0669IbnCusfurHadramiIshbili,669
0686AbuYamanIbnCasakir,686
0686IbnNazim,686
0690IbnBukhari,690
0705SharafDinDimyatti,705
0741IbnYahyaAndalusiMalaqi,741
0783IbnHadida,783
0807IbnAhmarKhazraji,807
0808IbnKhaldun,808
0822HadiIbnWazir,822
0837IbnNaji,837
0854IbnDiyaMakki,854
0871MuhammadCuqbani,871
0879IbnQutlubugha,879
0900IbnMuhammadNurDinAshmuni,900
0318AbuCarubaHarrani,318
0063AbuDihbilJumahi,63
0093IbnAbiRabica,93
0130IbnBashirKhariji,130
0157AbuMikhnafAzdi,157
0324Ashcari,324
0700IbnAbiBakrAnsariBurri,700
0255CabdAllahDarimi,255
0407IbnMuhammadKharkushi,407
0410IbnMardawayh,410
0612AbuMuhammadRuhawiHanbali,612
0734IbnCaliTajDinFakihani,734
0809IbnQunfudh,809
0181IbnMubarak,181
0211CabdRazzakSancani,211
0220AbuJacfarIskafi,220
0238MuhammadBarjlani,238
0286IbnHakamHibri,286
0322NasirAhmad,322
0332IbnWalladTamimi,332
0334Azdi,334
0400IbnMuhammadKhazzaz,400
0423AbuQasimHurfi,423
0639IbnKhabbaz,639
0805SirajDinBulqini,805
0068QaysIbnDharihLubna,68
0068QaysMajnunLayla,68
0105KuthayyirCazza,105
0001QaysIbnKhatim,1
0082JamilButhayna,82
0117DhuRumma,117
0130CurwaIbnCudhayna,130
0130CurwaIbnUdhayna,130
0192IbnAhnaf,192
0231AbuNasrBahili,231
0721IbnRushaydSabti,721
0767Balawi,767
0304IbnMuzarrac,304
0480IbnHilalSabi,480
0260AbuCaliZacfarani,260
0455IbnHamdBarujirdi,455
0085SulaymIbnQaysHilali,85
0179MalikIbnAnas,179
0182AbuYusufYacqub,182
0199IbnZabala,199
0200AbuGhanimKhurasani,200
0203YahyaIbnAdam,203
0243IbnYahyaCadani,243
0251IbnZanjawayh,251
0265SacdanIbnNasr,265
0274AhmadBarqi,274
0282HarithHaythami,282
0286IbnHakamHibari,286
0286IbnWaddahQurtubi,286
0290IbnHasanSaffar,290
0295AbuJacfarTirmidhi,295
0329IbnBabawayh,329
0333AbuCarabTamimi,333
0336IbnHumamIskafi,336
0348IbnMuhammadKhuldi,348
0350IbnCabdCaliQatifi,350
0365IbnFaqihHamadhani,365
0380IbnIbrahimNucmani,380
0381IbnCabdRahmanZuhri,381
0393AbuTahirMukhallis,393
0401IbnAyyashJawhari,401
0412IbnAhmadQummi,412
0418HibatAllahLalikai,418
0447AbuSalahHalabi,447
0450Najashi,450
0479MurshidYahyaJurjani,479
0483IbnMuhammadIbnMaghaziliWasiti,483
0500IbnMuhammadHulwani,500
0525IbnCaliTabari,525
0558IbnAbiKhayrCimraniYamani,558
0598IbnIdrisHilli,598
0600IbnTahirSuri,600
0610MuhammadIbnMashhadi,610
0656HumaydanQasimi,656
0660ShadhanIbnJibrailQummi,660
0676IbnHasanMuhaqqiqHilli,676
0684ShihabDinQarafi,684
0685IbnYahyaSulami,685
0695AbuBarakatIbnMunajja,695
0697MutahharIbnYahyaHusayni,697
0699IbnMaythamBahrani,699
0700MuhammadIbnHasanQummi,700
0710IbnRifca,710
0729IbnMuhammadDiyaDinQurashi,729
0740IbnDawudHilli,740
0765AbuMahasinHusayni,765
0770IbnCallamaHilli,770
0786IbnMuhammadBabarti,786
0800IbnAbiHasanDaylami,800
0800IbnSulaymanCizzDinHilli,800
0802IbnMusaAbnasi,802
0813RajabIbnMuhammadBursi,813
0830IbnSulaymanHilli,830
0872IdrisCimadDin,872
0885IbnSulaymanCalaDinMardawi,885
0900IbnSulaymanHilli,900
0090AkhtalShacir,90
0180Sibawayh,180
0273IbnMaja,273
0448HilalSabi,448
0300IbnKhurdadhbih,300
0110JarirShacir,110
0300IbnZakariyaHajari,300
0319AbuQasimKacbi,319
0412IbnJacfarQayruwani,412
0460IbnFadlIsbahani,460
0726Yunini,726
0859ShamsDinNawaji,859
0094ZaynCabidin,94
0368IbnQulawayh,368
0481IbnBarrajTarabulusi,481
0548Shahrastani,548
0689IbnSacidYahyaHilli,689
0161SufyanThawri,161
0212IbnMusaQurashi,212
0228IbnHammadKhuzaci,228
0249Azraqi,249
0257IbnCabdHakam,257
0294IbnNasrMarwazi,294
0316IbnAbiDawudSijistani,316
0365AbuAhmadMudari,365
0430AbuHasanHufi,430
0444AbuCamrDani,444
0543IbnIbrahimHamadhaniJurqani,543
0564CabdKhaliqIbnAsadHanafi,564
0597IbnFarasAndalusi,597
0682CabdRahmanIbnQudama,682
0690IbnAbiTalibFadilYusufi,690
0741KhatibTabrizi,741
0750IbnTurkamani,750
0769IbnCabdAllahTaqiDinShibli,769
0852SirajDinIbnWardi,852
0240KhalifaIbnKhayyat,240
0580IbnCimrani,580
0709IbnTiqtaqa,709
0816AbuBakrMaraghi,816
0110Farazdaq,110
0750PseudoIbnFuwati,750
0898NurDinJami,898
0110HasanBasri,110
0308AbuSacidJanadi,308
0799IbnFarhun,799
0845AbuHafsSamarqandi,845
0110IbnSirin,110
0311IbnKhuzaymaNaysaburi,311
0526IbnAbiYacla,526
0737IbnMuhammadIbnHajjFasi,737
0800IbnAhmadAbuCabdAllahSalimi,800
0873IbnShahinZahiri,873
0900IbnMuhammadBurhanDinQabibati,900
0378HakimKabir,378
0427Sahmi,427
0475IbnMakula,475
0565IbnFunduqBayhaqi,565
0668IbnAbiUsaybica,668
0117IbnDicamaSadusi,117
0124IbnShihabZuhri,124
0243HarithMuhasibi,243
0385IbnShahin,385
0410IbnSalamaBaghdadi,410
0415IbnMuhammadMahamili,415
0500AhmadAndarabi,500
0592IbnCaliFakhrDinIbnDahhan,592
0611IbnMufaddalMuqaddasi,611
0616IbnSunaynaSamarri,616
0633BattalRukabi,633
0693ShihabDinKhuyi,693
0705AbuMuhammadMalaqi,705
0742IbnMuhammadBurhanDinSafaqsi,742
0743Diwani,743
0803IbnLahhamCalaDinBacli,803
0868IbnCumarBulqini,868
0120ZaydIbnCali,120
0150IbnJurayj,150
0151MacmarIbnRashid,151
0180IbnJacfarAnsari,180
0188IbnMuhammadFazari,188
0197WakicIbnJarrah,197
0203IbnSulaymanGhazi,203
0234AbuKhaythamaNisai,234
0238IbnRahawayh,238
0239IbnGhawri,239
0277AbuHatimRazi,277
0281AbuZurcaDimashqi,281
0284MuhammadIbnQasimRassi,284
0298IbnCalawayhQattan,298
0307IbnJarudNaysaburi,307
0311AbuBakrKhallal,311
0311IbnFilBalisi,311
0331IbnMukhalladCattar,331
0341AbuNasrBukhari,341
0354IbnCabdAllahBazzaz,354
0366IbnCabdAllahNaysaburi,366
0370IbnRashiqMisri,370
0381AbuQasimJawhari,381
0385Daraqutni,385
0386IbnCumarHarbi,386
0401AbuCubaydHarawi,401
0413AbuMutarrifQunazici,413
0420IbnMuhammadDimashqi,420
0448SallarIbnCabdCaziz,448
0461IbnHusaynSughdi,461
0468AbuFathJawbariRazi,468
0483IbnAhmadSarakhsi,483
0508MuhammadIbnIbrahimKindi,508
0522IbnKhusrawBalkhi,522
0576IbnCabdSalamQadi,576
0587IbnMascudCalaDinKasani,587
0600IbnMuhammadLaythiWasiti,600
0624IbnIbrahimBahaDinMuqaddasi,624
0670AhmadDarjini,670
0699ShihabDinIshbiliLakhmi,699
0700CaliIbnMuhammadSabzawariQummi,700
0700YahyaIbnQasimIbnYahya,700
0732IbnYacqubJanadi,732
0732IbnYusufDujayli,732
0743FakhrDinZaylaci,743
0749TaqiDinAdami,749
0770IbnMuhammadFayyumiHamawi,770
0772ShamsDinHanbaliZarqashi,772
0783IbnMajidMaqdisi,783
0797IbnCaquli,797
0801CabdLatifIbnMalak,801
0803SadrDinMunawi,803
0855IbnFaramurzMullaKhusraw,855
0855IbnTayyFaqacani,855
0869IbnKhalilZaynDinQabuni,869
0884AbuIshaqIbnMuflih,884
0895SibtMaridini,895
0385IbnNadim,385
0570AbuCammarCabdKafiIbadi,570
0125Tirimmah,125
0126KumaytIbnZaydAsadi,126
0730QasimTujibi,730
0239CumaraIbnCaqil,239
0131ZubayrHamdani,131
0231IbnMirdasSarraj,231
0240AbuHafsIbnZuraraTarsusi,240
0294IbnDurays,294
0315IbnFaydGhassani,315
0339AbuJacfarIbnBukhturi,339
0405IbnHusaynHamadhani,405
0430CabdMalikIbnBishranUmawi,430
0500IbnMuhammadKhatibBushanji,500
0599IbnHasanCabdi,599
0625BahaDinAkwac,625
0826IbnCabdAllahSuyuri,826
0590AbuKhayrQazwini,590
0628IbnQattanFasi,628
0761IbnKaykaldi,761
0826IbnCiraqi,826
0841BurhanDinSibtIbnCajami,841
0141MusaIbnCuqba,141
0142IbnMuqaffac,142
0225PseudoIbnMuqaffac,225
0327AbuCaliKawkabi,327
0400IbnHusaynYamani,400
0173SayyidHimyari,173
0346JacfarBinMansurYaman,346
0219AbuNucaymIbnDukayn,219
0346IbnCaliTasti,346
0346IbnSahlJundisaburi,346
0380AbuBakrKalabadhi,380
0383IbnCabbasKhwarizmi,383
0386IbnAbiZaydQayrawani,386
0204AbuDawudTayalisi,204
0264AbuZurcaRazi,264
0270IbnCaffanKufi,270
0279IbnAbiKhaythama,279
0300IbnCisaAshcari,300
0301MuhammadIbnAhmadMaqdami,301
0307IbnHarunRuyani,307
0317AbuQasimBaghawi,317
0364IbnSunniDinawari,364
0368AbuGhalibZurari,368
0374IbnHusaynAzdi,374
0390IbnGhawri,390
0402MuhammadSaydawi,402
0427JuriNaysaburi,427
0439IbnMuhammadKhallal,439
0445IbnCaliShajari,445
0499IbnSimnani,499
0507AbuBakrShashi,507
0532IbnCabadaDani,532
0584IbnMusaHazimi,584
0600IbnJacfarMashhadi,600
0641Sarifini,641
0642IbnMawaq,642
0656AbuTayrIbnHusayn,656
0668IbnHusaynJacfariHashimi,668
0693CabdKarimIbnTawus,693
0732IbnCumarBurhanDinJacbari,732
0741CabdAllahWasiti,741
0775IbnAbiWafa,775
0784IbnMahmudJalalDinQahiri,784
0148JacfarSadiq,148
0150AbuHanifa,150
0243HannadIbnSari,243
0273AbuBakrAthram,273
0275IbnMuhammadMarwazi,275
0335IbnAbiCawamm,335
0340AbuMuhammadHarithi,340
0436HusaynSaymari,436
0441BishrawayhMacqili,441
0461MuzaffarIbnHasan,461
0550IbnIbrahimAzdiSalmasi,550
0593BurhanDinFarghaniMarghinani,593
0599IbnYahyaDabbi,599
0629IbnNuqta,629
0642IbnNajjar,642
0648IbnKhalilHalabi,648
0665AbuMuayyadKhwarazmi,665
0682IbnYahyaGhassani,682
0695IbnHamdanHarraniNumayri,695
0730IbnAhmadCalaDinBukhari,730
0771TajDinSubki,771
0844ShamsDinMisri,844
0897IbnYusufCabdariGharnati,897
0249CabdIbnHamid,249
0272IbnIshaqFakihi,272
0324IbnMuhammadNaysaburi,324
0286DaciQarmatiCabdan,286
0348IbnSalmanNajjad,348
0359AbuCaliSawwaf,359
0381MuhammadIbnYusufCamiri,381
0387KatibKhwarizmi,387
0432IbnMuhammadNasafi,432
0434MultipleDruze,434
0470IbnMuhammadIbnMandahIsbahani,470
0478IbnMuhammadDamghani,478
0497IbnFarajIbnTallacQurtubi,497
0550Wisyani,550
0578IbnBashkuwal,578
0606RuzbihanBaqli,606
0631CuthmanAsamm,631
0640AbuHafsDunaysiri,640
0686IbnZakariyaManbiji,686
0711HussamDinSighnaqi,711
0750IsmacilJaytali,750
0793IbrahimIbnMahdi,793
0843IbnIsmacilJadhbati,843
0899ZarruqShihabDinFasi,899
0198SufyanIbnCuyayna,198
0309IbnMarzuban,309
0381IbnMuqriIsbahani,381
0489IbnFadlIsbahani,489
0735IbnTarkhan,735
0242IbnAslamTusi,242
0303IbnSufyanNasawi,303
0310IbnAhmadDulabi,310
0379IbnMuzaffarBazzaz,379
0414AbuSacidNaqqash,414
0426IbnAhmadIbnShadhan,426
0429IbnIbrahimSarakhsiQarrab,429
0432Mustaghfiri,432
0465IbnMuhtadi,465
0550IbnNasirAbuFadlSallami,550
0569AbuIshaqIbnQurqul,569
0620IbnCisaAzdiQurtubi,620
0620IbnMuhammadIbnCasakir,620
0637IbnDubaythi,637
0643IbnCumarMaqdisi,643
0665AbuShama,665
0696IbnZahiri,696
0709Tijani,709
0767CizzDinIbnJamaca,767
0167SariIbnYahyaBasri,167
0185IbnCimranMawsili,185
0195IbnFudaylDabbi,195
0214IbnCabdHakamMisri,214
0219IbnZubayrHumaydi,219
0222IbnNaficHimsi,222
0238IbnHabibQurtubi,238
0246AbuCaliIbnShadhdhan,246
0246HishamSulami,246
0258IbnYahyaNaysaburi,258
0265SalihIbnHanbal,265
0276IbnMukhalladQurtubi,276
0279Tirmidhi,279
0280AbuCabbasBirti,280
0290IbnMansurMuradi,290
0301AbuBakrFaryabi,301
0312BaghandiSaghir,312
0327IbnJacfarSamiri,327
0335IbnKulaybShashi,335
0341AbuHasanIbnMaqabiri,341
0341IbnHamidHawrani,341
0343IbnSulaymanAtrabulusi,343
0346AsammNaysaburi,346
0368IbnJacfarQatici,368
0379MuhammadRabci,379
0387IbnSamcunBaghdadi,387
0389Makhladi,389
0392IbnIsmacilMisri,392
0396IbnHasanDimashqi,396
0409CabdGhaniAzdi,409
0415CaliIbnBishranUmawi,415
0443IbnCaliShamukhi,443
0481AnsariHarawi,481
0486AbuAsbaghGharnati,486
0488IbnWahhabHanbali,488
0491IbnMuhammadZaynabi,491
0535QadiMaristan,535
0564IbnCabdWahidSamarqandi,564
0617Tadili,617
0636IbnAbiMucammarAbuKhayrTabrizi,636
0695IbnAbiJamra,695
0814IbnNahhas,814
0261AbuHasanCijli,261
0275AbuAswadDuali,275
0277YahyaIbnHasanCaqiqi,277
0330IbnIsmacilMahamili,330
0428IbnManjuwayhIsbahani,428
0429IbnTahirBaghdadi,429
0463IbnZaydun,463
0500HusaynIbnCabdWahhab,500
0567IbnKhashshabBaghdadi,567
0597CimadDinKatibIsfahani,597
0647CabdWahidMarrakushi,647
0674IbnSaci,674
0750SafiDinHilli,750
0230CaliIbnJacd,230
0251IbnMansurKawsaj,251
0262IbnCasimIsbahani,262
0272IbnCassamIsbahani,272
0282IbnHarbCaskari,282
0359AbuBakrNasibi,359
0371AhmadJurjani,371
0446AbuYaclaKhalili,446
0487AbuQasimMasisi,487
0661Turibishti,661
0681IbnDahhan,681
0255IbnAhmadQurtubi,255
0667Cariqi,667
0360AbuBakrAnbari,360
0408IbnCabdCazizTaymi,408
0168IbnTahman,168
0267HammadIbnIshaq,267
0330IbnMuhammadKhashshab,330
0627ZaynUmanaIbnCasakir,627
0893IbnAhmadZaynDinSharji,893
0001SamawalIbnCadiya,1
0005Hadira,5
0060SuwaydIbnAbiKahil,60
0224IbnMuhammadMadaini,224
0360HamzaIsfahani,360
0400ZaydIbnRifaca,400
0411HamidDinKirmani,411
0677SahibiTaji,677
0684IbnShaddad,684
0691IbnYusufLabli,691
0774IbnRaficSallami,774
0001CamrIbnKulthum,1
0001CurwaIbnWard,1
0090RaciNumayriShacir,90
0376AbuCamrHiri,376
0408IbnIbrahimJurjani,408
0469IbnHazarmardSarifini,469
0525IbnAhmadIbnHattabRazi,525
0533IbnTahirAbuQasimShahhami,533
0536IbnAhmadAbuQasimSamarqandi,536
0565IbnMuhammadAbuBakrBaghdadi,565
0599IbnTufaylDimashqi,599
0613IbnHasanTajDinKindi,613
0617AbuBarakatIbnMulacib,617
0662RashidAttar,662
0309IbnHasanAzdi,309
0316IbnSarrajNahwi,316
0347IbnDurustawayh,347
0350IbnIbrahimFarabi,350
0380AbuKhazarTunisi,380
0385SahibIbnCabbadTalqani,385
0442Tanukhi,442
0478AbuHasanLakhmi,478
0515IbnQattac,515
0543IbnHusaynBaquliIsbahani,543
0592IbnCabdRahmanLakhmiQurtubi,592
0610Mutarrizi,610
0646IbnBaytarAndalusi,646
0646IbnCumarIbnHajibKurdi,646
0709IbnAbiFathShamsDinBacli,709
0838ShihabDinDalji,838
0170RabicIbnHabibAzdi,170
0282IbnIshaqJahdami,282
0362IbnBaraka,362
0450TabghurinMalshuti,450
0462QadiHusaynMarwarudhi,462
0719IbnHanash,719
0792AbuSakinCamirShammakhi,792
0310Nawbakhti,310
0471IbnMuhammadIsfaraini,471
0228AbuJahmBahili,228
0313IbnIshaqSarraj,313
0223IbnSalihKatibLayth,223
0233YahyaIbnMacin,233
0240SahnunIbnSacid,240
0246IbnCumarDuri,246
0262YacqubIbnShayba,262
0280IbnIsmacilKirmani,280
0283CamrusIbnFath,283
0294IbnHarunBazzaz,294
0297IbnAbiShayba,297
0310IbnCaliMadaini,310
0312IbnCaliTusi,312
0334IbnHusaynKhiraqi,334
0347IbnYunusSadafi,347
0363IbnHusaynSijistani,363
0372AbuSacidQayruwani,372
0378IbnJallab,378
0381IbnZarbQadi,381
0397IbnQassar,397
0403IbnFaradi,403
0422QadiCabdWahhabThaclabi,422
0428AbuCaliHashimi,428
0438IbnYusufJuwayni,438
0443IbnCaliBasri,443
0464AbuBakrMaliki,464
0469IbnHayyanQurtubi,469
0477BibiHarawiyya,477
0478ImamHaramaynJuwayni,478
0514HibatAllahSajzi,514
0536AbuCabdAllahMazari,536
0574ShuhdaBintAhmad,574
0615MuwaffaqDinShafici,615
0616IbnShash,616
0630IbnHajib,630
0633IbnSacidRajraji,633
0638IbnAhmadAndalusiHarali,638
0673IbnBuzayza,673
0682SirajDinAzmawi,682
0695IbnMuhammadHusayni,695
0786IbnCabdRahmanJamalDinHubayshi,786
0792IbnCabdAllahRimiSardafi,792
0793AbuHasanMalaqi,793
0805BahramDamiri,805
0806IbnHusaynNajmDinCiraqi,806
0808IbnCimadDinShihabDinAqfahsi,808
0829TaqiDinDimashqiHisni,829
0837IbnNajiTannukhi,837
0879IbnSulaymanMuhyiDinKafiji,879
0893IbnAbiBakrCayniHanafi,893
0799IbnShaykha,799
0325IbnCabdAllahWarraq,325
0469IbnBabshadh,469
0540IbnBadhish,540
0715RuknDinAstarabadhi,715
0720IbnSaigh,720
0767BurhanDinIbnQayyim,767
0779IbnYusufAndalusiGharnati,779
0807Makkudi,807
0857MuhibbDinNuwayri,857
0889IbnCabdMuncimShamsDinQahiri,889
0146MajacaIbnZubayr,146
0219IbnMuslimBasri,219
0232CisaIbnSacidShashi,232
0234CaliIbnMadini,234
0245LuwaynMissisi,245
0246HusaynMarwazi,246
0262IbnMatarWasiti,262
0267IbnCabdAllahTarqufi,267
0270IbnCabdAllahKhutali,270
0273HanbalIbnIshaqShaybani,273
0278IbnMarthadTabarani,278
0292Bahshal,292
0292SacidBardhaci,292
0295IbnHasanHarrani,295
0320IbnJawsaDimashqi,320
0325IbnCabdSamadBaghdadi,325
0344IbnSammak,344
0347IbnHazlam,347
0350MuhammadIbnIbrahim,350
0362IbnMuhammadMuzakki,362
0388IbnBukayrSayrafi,388
0391IbnJarrahWazir,391
0392IbnAbiShurayhHarawi,392
0400IbnCamashliqJacfari,400
0418AbuMansurIsfahani,418
0425Anonymous,425
0427IbnCaliShahrazuri,427
0433AbuSacdNasruyi,433
0454IbnAhmadRazi,454
0470IbnMuhammadKufi,470
0490IbnIbrahimNabulusi,490
0494IbnCaliMawsili,494
0511IbnMandahYahya,511
0523IbnCabdWahidThaqafi,523
0562IbnHasanIsbahaniThaqafi,562
0569IbnKulaybHarrani,569
0607IbnTabarzad,607
0611SharafDinMuqaddasi,611
0623IbnCabWahidBukhariMuqaddasi,623
0672IbnAhmaLuluDarir,672
0689AhmadIbnCabdRahmanIbnQudama,689
0699IbnCabdRahmanQazwiniShafici,699
0739Birzali,739
0756CadudDinIji,756
0780IbnHasanQurashi,780
0292IbnCaliMarwazi,292
0683IbnMahmudMajdDinMawsili,683
0800IbnCaliYamaniZabidi,800
0834MuhammadQaysiMintawri,834
0844IbnKhalilCalaDinTarabulusi,844
0467IbnHasanBakharzi,467
0563IbnMuqarrabBaghdadiKarkhi,563
0782IbnSallar,782
0301Bardiji,301
0323CaliHimyari,323
0335IbnAhmadTabari,335
0396IbnCataRudhbari,396
0430AbuZaydDabusi,430
0536SadrShahid,536
0570IbnMuhammadKarabisiNaysaburi,570
0585IbnCaliIbnZuhraHalabi,585
0586IbnMuhammadAbuNasrCattabi,586
0592QadiKhanFarghani,592
0652IbnTaymiyyaMajdDin,652
0696CumarSunami,696
0741CabdRahimZarirani,741
0747IbnMascudMahbubiBukhari,747
0769IbnLuluShihabDinIbnNaqibShafici,769
0773IbnIshaqSirajDinGhaznawi,773
0803NasirDinIbnZurayq,803
0815IbnMuhammadShihabDinIbnHaim,815
0827IbnShihabBazzazi,827
0834IbnHamzaFanari,834
0851IbnQadiShuhba,851
0864IbnAhmadJalalDinMahalli,864
0882LisanDinIbnShihnaHalabi,882
0885CalaDinMardawi,885
0307IbnKhalafDuri,307
0844IbnRassamHamawi,844
0289AbuZakariyaKinani,289
0290IbnCaliKhuyutiAbbar,290
0333IbnLabbad,333
0349IbnCumarMuqri,349
0370IbnQasimKhayyat,370
0377IbnAhmadJurjani,377
0414IbnHasanGhadairi,414
0419IbnCaliHamadani,419
0437IbnJamic,437
0471AbuQasimZanjani,471
0527IbnMuhammadIsbahaniYunarati,527
0529IbnIsmacilCabdGhafirFarisi,529
0575IbnKhayrIshbili,575
0750AbuHafsQazwini,750
0353IbnMuhammadMakki,353
0211AbuCatahiya,211
0257IbnAhmadMihzami,257
0388Shabushti,388
0651IbnYusufAbuCabbasTifashi,651
0150SalihIbnJinahLakhmi,150
0265IbnHarbMawsili,265
0338AbuIshaqIbnAbiThabit,338
0419IbnMuhammadBushanji,419
0563IbnCaliTamidhi,563
0720IbnCumarKurdi,720
0768IbnMuhammadTaqiDinBaclabakki,768
0852AbuNucaymMustamli,852
0385IbnMuhandis,385
0390Muqaddasi,390
0400Anonymous,400
0156IbnAbiCuruba,156
0325IbnMuhammadNaysaburi,325
0378IbnKhalafJubayri,378
0213IbnJabalaShacir,213
0215IbnHazimBahili,215
0235DikJinn,235
0322KatibBaghdadi,322
0900IbnAbiJumhurAhsai,900
0200SayfIbnCumar,200
0685IbnCibri,685
0305IbnZakariyaMutarriz,305
0330IbnCazizSijistani,330
0488AbuFadlIbnKhayrun,488
0544MuhammadNumayri,544
0722AbuMajamicIbnHammuya,722
0184AbuIshaqZuhri,184
0246AhmadDawraqi,246
0281AbuCamrHilalRaqqi,281
0302AbuMuhammadAshyabBaghdadi,302
0322AbuBakrZubayri,322
0329IbnMuhammadMarwaziHamid,329
0345IbnMuhammadSamarqandi,345
0351IbnAhmadSijzi,351
0375IbnCabdAllahAbhari,375
0403IbnHamidHanbali,403
0411AbuBakrAzdi,411
0414HilalHaffar,414
0431IbnFadlMisri,431
0444AbuQasimAzaji,444
0457IbnAhmadSayrafi,457
0470MuayyadFiDinShirazi,470
0508IbnMukhtarBaghdadi,508
0511IbnNabhan,511
0555IbnMuhammadHamadhaniTai,555
0643IbnCisaMaqdisi,643
0701SharafDinYunini,701
0355MuhammadKindi,355
0739SafiDinHanbali,739
0896AbuHamidMaqdisi,896
0277MuhammadHunayni,277
0324IbnMusaBaghdadi,324
0350AhmadIbnKamilIbnKhalaf,350
0350IsmacilKhutabi,350
0370CaribQurtubi,370
0380Muhallabi,380
0381IbnHusaynNaysaburi,381
0410AbuTahirIbnMahmishZiyadi,410
0446IbnCaliAhwazi,446
0494IbnSacidIbnKarama,494
0508NasibAbuQasim,508
0530FurawiSacidi,530
0548IbnYahyaAbuSacdNaysaburi,548
0626IbnBassamMuhtasib,626
0715SafiHindi,715
0726Suqaci,726
0749AbuBakrRahbi,749
0761IbnKaykaldiAlaci,761
0801IbnCuthmanIbnQasihBaghdadiCudhri,801
0835ShihabDinIbnJazari,835
0900MuflihIbnRashid,900
0433IbnCaliHarawi,433
0206IshaqIbnBishrQurashi,206
0498IbnMuhammadAbuBakrIsbahani,498
0301IbnIdrisAnsari,301
0345IbnCabbasBazzaz,345
0365IbnMufassir,365
0379IbnZabrRabci,379
0434IbnAhmadHarawi,434
0468IbnMuhammadMihrawani,468
0613IbnBaninDaqiqiNahwi,613
0748IbnDimyati,748
0132HammamIbnMunabbih,132
0195IbnCamrSadusi,195
0215IbnCabdAllahAnsari,215
0265CaliIbnHarbTai,265
0275AbuCaliShacrani,275
0285IbnIbrahimSancani,285
0318IbnMuhammadHashimi,318
0353IbnAbiCaqabHamadani,353
0359AbuHasanIkhmimi,359
0369IbnShaqilaHanbali,369
0372AbuBakrDaqqaq,372
0414AbuZakariyaMuzakki,414
0428IbnCabdAllahShirazi,428
0457AbuCuthmanIbnAbiSacidCayyar,457
0465IbnCaliMaghribi,465
0470AbuSalihMuadhdhin,470
0550IbnBahramHarami,550
0599IbnMuhammadBaghbanIsbahani,599
0621IbnSirma,621
0650RashidDinDimashqi,650
0668IbnCabdDaimZaynDinMuqaddasi,668
0740CabdQahirTabrizi,740
0773IbnMusaRahuni,773
0877IbnMiftah,877
0516IbnCabdWahidDaqqaqIsbahani,516
0222IbnBakkarDabi,222
0375IbnQasimMiyaniji,375
0649ibnCabdAllahMuzaffariShafici,649
0200AbuShis,200
0334IbnSacidQushayri,334
0536AbuTahirTanukhi,536
0736IbnRashidBakri,736
0001HatimTai,1
0230AbuMushal,230
0727IbnIbrahimIbnJamaca,727
0500IbnCabdAllahQadiTanukhi,500
0631SayyidDinAmidiThaclabi,631
0001CamrIbnQumaya,1
0001HajibIbnMudallil,1
0001SalamaIbnJandal,1
0250ThabitIbnAbiThabit,250
0288ThabitIbnQurra,288
0317IbnJabirBattani,317
0600NurDinBitruji,600
0445AbuIshaqBarmaki,445
0549CabdKhaliqShahhami,549
0659SainDinNaccal,659
0283BaghandiKabir,283
0313IbnZaydanKufi,313
0443IbnCabdSalamJudhami,443
0654IbnShaccarMawsili,654
0486IbnAhmadHakkari,486
0730Banakti,730
0746CalaDinMaqdisi,746
0209AbuCaliAshyabBaghdadi,209
0231IbnSacdanDarir,231
0233IbnCaidhDimashqi,233
0286AbuHasanMakki,286
0386IbnHasnunMuqri,386
0410IbnCumarDimashqi,410
0442AbuHasanQazwini,442
0458YahyaIbnSacidAntaki,458
0600QutbdinBayhaqiKaydari,600
0632AbuHafsSuhrawardi,632
0656IbnMuhammadSadrDinNaysaburi,656
0699AbuMuhammadLakhmiShafici,699
0718IbnAhmadNabulusi,718
0738IbnCabdRahimSharafDinHamawi,738
0747MuhyiDinYunini,747
0809IbnDuqmaq,809
0833QadiShammac,833
0860ShihabUbbadhi,860
0235IbnYunusBaghdadi,235
0749IbnCabdRahmanShamsDinIsbahani,749
0874IbnImamKamiliyya,874
0175LaythIbnSacd,175
0207IbnBakkarQaysi,207
0444IbnAbiHawl,444
0532IbnCumarGhaziIsbahani,532
0717CabbasSafadi,717
0390IbnCabdAllahCaskari,390
0258AhmadIbnFurat,258
0276IbnHazimGhifari,276
0353IbnHarunDimashqi,353
0360Khawlani,360
0443AbuSacidGardizi,443
0451AbuCuthmanBuhayri,451
0460Anonymous,460
0466CabdCazizKattani,466
0510AbuGhanaimNarsi,510
0510IbnCaliAbuGhanaimNursi,510
0614IbnAhmadIbnKhumayrSabti,614
0636IbnYusufBirzaliIshbili,636
0675AbuCabdAllahWarraq,675
0729AbuNunDabusi,729
0739CalaDinIbnBalaban,739
0398BadicZamanHamadhani,398
0095CadiIbnRiqac,95
0350Balawi,350
0650Anonymous,650
0695IbnCidhariMarrakushi,695
0600IbnCumarShaficiNaysaburi,600
0284YazidIbnHaythamDaqqaq,284
0317IbnCammarShahid,317
0401AbuMascudDimashqi,401
0510AbuBakrShirazi,510
0515AbuCaliHaddad,515
0240CabdSamadIbnMucadhdhal,240
0128IbnAbiHabibMisri,128
0221IbnAbiIyasCasqalani,221
0249AbuBishrTamimi,249
0257AbuSacidAshajj,257
0273AbuUmayyaTarsusi,273
0316IbnKhuraym,316
0319AbuCabbasTahirTamimi,319
0322IbnCabdAllahDhuhali,322
0329AbuBakrIbnBahlul,329
0346IbnFarisIsbahani,346
0350AbuSahlJawaliqi,350
0352IbnDuhaymShaybani,352
0355BakrIbnAhmadShirazi,355
0369AbuBakrNaqqash,369
0375AbuHafsZayyat,375
0378IbnIsmacilWarraq,378
0381IbnMacrufBaghdadi,381
0381IbnYusufCallaf,381
0390AbuHafsKattani,390
0398IbnHarunDabbi,398
0400IbnMuhammadLihyani,400
0412IbnAbiFawaris,412
0425MuaddibSirjani,425
0448IbnCabdWahidDarimi,448
0450AbuHasanShirazi,450
0450IbnAbiNasrBalkhi,450
0460AbuHasanHanifiZahid,460
0463CaishaBintHasanWarkaniyya,463
0476IbnAbiSaqrAnbari,476
0482AbuHamidShujaciSarakhsi,482
0491AbuCabbasIbnBishrawayh,491
0497HasanIbnCabdMalik,497
0500LahiqIbnMuhammad,500
0524IbnAhmadIbnAkfaniDimashqi,524
0525AbuQasimIbnHusayn,525
0527AbuGhalibIbnBanna,527
0538IbnQasimShafici,538
0541IbnAhmadShaykhShuyukhSufi,541
0550IbnCamrSamani,550
0575AbuHusaynIbnCabdKhaliq,575
0579AbuTalibKattani,579
0609AbuMacaliGhaznawi,609
0618IbnCabdRahmanMuqriWasiti,618
0633IbnIbrahimIrbili,633
0698SunqurMughani,698
0707RashidDinBaghdadi,707
0720IbnNashwDimashqi,720
0738TaqiDinUshnuhi,738
0749AbuFathIbnMuhibb,749
0324IbnMuhammadCanbari,324
0882IbnAhmadShadhiliTunisi,882
0259IbnYacqubJuzjani,259
0711IbnIbrahimCimadDinWasiti,711
0738Jazari,738
0350IbnSaqqaHalabi,350
0437AbuHasanUswari,437
0599IbnYahyaHanafiKufi,599
0210CaliyyaBintMahdi,210
0240IbnYahyaKinani,240
0336IbnAhmadTusi,336
0444IbnSacidSijzi,444
0450AbuFadlDimashqi,450
0232CabdAllahIbnCawnKharraz,232
0333IbnMuhammadMadini,333
0335AbuBakrSayrafiMatiri,335
0357IbnMuhammadKinani,357
0365AbuBakrKhutuli,365
0369IbnMasiBaghdadi,369
0375IbnJacfarJabari,375
0377IbnZaydAnsari,377
0396IbnJundi,396
0405AbuCabbasCasmi,405
0410CabdWahidTamimi,410
0410IbnBalawayh,410
0412IbnMuhammadHarawi,412
0416IbnNahhasMisri,416
0421IbnIbrahimJammal,421
0426IbnMuhammadBarqani,426
0441IbnMuhammadCatiqi,441
0451IbnCushariHanbali,451
0471IbnAhmadIbnBannaBaghdadi,471
0540IbnAhmadAbuSacdIsbahani,540
0569IbnAhmadCattarHamadhani,569
0577IbnHammuyaCumar,577
0579AbuFathKhiraqi,579
0590AbuMuzaffarJawhari,590
0625IbnCufayjaBandaniji,625
0635AbuMunajjaIbnLatti,635
0671IbnCabdMuncimHanbaliHarrani,671
0716IbnWakil,716
0764BahaDinIkhmimi,764
0813QattanCasqalani,813
0749Wadiashi,749
0218CabdAclaGhassani,218
0750Anonymous,750
0687Shahrazuri,687
0206AbuMuhammadQutrub,206
0442AbuQasimThamanini,442
0470IbnAjdabi,470
0699IbnCabdRahmanIbnMurahhal,699
0855ShamsDinDikunquz,855
0680IbnSabuni,680
0840IbnCabdAllahJundariImamMurtada,840
0447IbnAyyubRazi,447
0527IbnHamdis,527
0528IbnMuhammadIbnHaqanIshbili,528
0533IbnKhafajaShacir,533
0688ShabZarif,688
0703MuhammadMarrakushi,703
0364YahyaIbnCadi,364
0692TaqiDinIscirdi,692
0816IbnMuhammadSharifJurjani,816
0425IbnYasirJawbari,425
0688IbnCabdRahimIbnKamalDinHanbali,688
0024TumadirBinCamrKhansa,24
0080LaylaAkhyaliyya,80
0180AbuShamaqmaq,180
0182MarwanIbnAbiHafsa,182
0183AbuHayyaNumayri,183
0198RabicaRaqqi,198
0245DhuNunMisri,245
0275Ustath,275
0346IbnQasimDimashqi,346
0361AbuYacqubSijistani,361
0400CubaydAllahIbnHassan,400
0416IbnTahhan,416
0600KatibMarrakushi,600
0350AbuBakrAzdiQadiMawsili,350
0384AbuQasimIbnYumn,384
0405AbuFadlHarawi,405
0468IbnCabdRahmanNaysaburi,468
0590IbnFirruhShatibi,590
0871IbnFahdMakki,871
0256IbnIshaqKindi,256
0234AbuHasanSacdi,234
0440IbnMuhammadSawwaq,440
0257IbnCarafaCabdi,257
0475IbnMandahCabdWahhabIsbahani,475
0740ZaynabBintKamal,740
0758MaryamSittQudatHanbaliyya,758
0259HunaynIbnIshaq,259
0300IshaqRuhawi,300
0313IbnZakariyyaRazi,313
0384IbnJuljul,384
0687IbnNafis,687
0383IbnHayawayhKhazzaz,383
0428IbnSina,428
0696AshrafIbnYusufTurkumani,696
0577IbnMutafannina,577
0616CaliIbnIsmacilAbyari,616
0807IbnFurat,807
0470CaliIbnGhanaim,470
0617RadiDinTusi,617
0643IbnHusaynIbnMuqirNajjar,643
0649AbuHasanShafici,649
0254MuammalIbnIhab,254
0636AbuCabdAllahIbnCaskar,636
0436IbnCaliBasri,436
0552CalaUsmandi,552
0550SaqatiMaliqi,550
0600QasimIbnCasakir,600
0353MaslamaQurtubi,353
0778AbuHafsMaraghi,778
0417AbuBakrCadawi,417
0411IbnCubaydAllahGhadairi,411
0271IbnSinanQazzaz,271
0489IbnHasanBaqillaniBaghdadi,489
0821AbuShamilShumuni,821
0275ThayadurusIbnBasil,275
0298IshaqIbnHunayn,298
0328AbuBishrIbnYunus,328
0430IbnHaytham,430
0629CabdLatifBaghdadi,629
0001LaqitIbnYacmur,1
0080UqayshirAsadi,80
0345IbnCabdWahidGhulamThaclab,345
0440AbuRayhanBiruni,440
0450Jubbi,450
0531IbnMuhammadJurjaniHusayni,531
0639AbuBakrMalaqi,639
0666IbnCadlanMawsiliRabci,666
0325IbnSahlRazi,325
0692IbnCabdZahir,692
0412IbnAhmadBaghdadi,412
0655CabdMuncimTaqiDinShafici,655
0317IbnHaythamKufi,317
0460AbuIshaqIlbiri,460
0496IbnBahijAndalusi,496
0622IbnBarni,622
0748Adfuwi,748
0230YaclaIbnCibad,230
0250AflahIbnCabdWahhab,250
0557IbnCabdAllahKindi,557
0385WaWaDimashqi,385
0440IbnMuhammadHimyari,440
0697IbnWasil,697
0287QadirBillahCabbasi,287
0218HajjajIbnYusufIbnMatar,218
0672NasirDinTusi,672
0600IbnHasabAbuMajdHalabi,600
0676IbnIbrahimShamsDinMuqaddasi,676
0200YahyaIbnBitriq,200
0260IbnSahlTabari,260
0310AbuCabbasNayrizi,310
0400IshaqMunajjim,400
0759AbuCabdAllahMaqqari,759
0643FathBundari,643
0404MahdiHusaynIbnQasim,404
0605IbnAscadMuradi,605
0632BahaDinIbnShaddad,632
0300HubayshIbnHasan,300
0453CaliIbnRidwan,453
0367IbnHawqal,367
0560SharifIdrisi,560
0569BinyaminTutili,569
0840MahdiAhmadIbnYahyaHasani,840
0275IbnMulacibMakhzumi,275
0481NasirKhusraw,481
0779IbnBattuta,779
0249IbnBarqi,249
0282IbnAbiUsamaTamimi,282
0366IbnNajidNaysaburi,366
0595IbnCabdQadirBaghdadiJilani,595
0499IbnHusaynJurjani,499
0421HasanIbnSuwar,421
0701IbnNasrAllahIbnSayqalJazari,701
0514IbnAhmadIsbahaniJarkani,514
0309IbnFadlan,309
0550AnonymousCompiler,550
0595Daylami,595
0678IbnAbiMansurIbnSayrafiHarrani,678
0428IbnShihabCukbari,428
0320Israili,320
0388AbuHasanIbnShah,388
0489IbnYusufJurjani,489
0749IbnHafizMizzi,749
0681IbnIyyazNahwi,681
0537IbnMuhammadTabasi,537
0638JahmaBintMufarrij,638
0406IbnMuhammadSaqati,406
0593IbnHusaynShihabDinIsbahani,593
0367IbnAhmadDhuhli,367
0593IbnMuhammadJamalDinGhaznawi,593
0050KhirniqBintBadr,50
0351IbnCaliHalabiLughawi,351
0866MuhammadIbnSayyidHasan,866
0346Istakhri,346
0622IbnDarbas,622
0201CaliIbnCasim,201
0361IbnCumarDarraj,361
0396IbnCumarWarraq,396
0330IbnMuhammadSulami,330
0318IbnAhmadZubayri,318
0420IbnHasanTabib,420
0678IbnAhmadCizzDinMuqaddasi,678
0329Barbahari,329
0414IbnMuhammadDinawari,414
0500IbnHusaynGhadairiWasiti,500
0709IbnCataAllahSikandari,709
0671AbuMuzaffarNabulusi,671
0482IbnMuhammadBazdawi,482
0642TajDinIbnHammuyaJuwayni,642
0855IbnAhmadShamsDinDimashqi,855
0485NizamMulkWazir,485
0894IbnQasimRassacTunisi,894
0340AbuHasanKarkhi,340
0404IbnRawhNahrawani,404
0348Narshakhi,348
0330Sirafi,330
0339AbuNasrFarabi,339
0340IbnDaya,340
0450AbuCaliSaffar,450
0622IbnBadrDiyaDinMawsili,622
0441IbnIflili,441
0357AbuFirasHamdani,357
0555IbnQalanisi,555
0380AbuHusaynKuhayli,380
0394IbnMuhammadAzhari,394
0684IbnBalabanDimashqiMuqaddasi,684
0361AbuSacidKudami,361
0225MuallifMajhul,225
0298Junayd,298
0386AhmadIbnIbrahimNaysaburi,386
0090WaddahYaman,90
0362IbnHaniAndalusi,362
0416CaliIbnMuhammadTihami,416
0628IbnCaliSanhaji,628
0398IbnZurca,398
0420Musabbihi,420
0455IbnKhalafSaraqusti,455
0361HarithKhushani,361
0656IbnAhmadShihabDinZanjani,656
0273AbuMacsharBalkhi,273
0697CaishaBintCisa,697
0710IbnIbrahimShamsDinSuruji,710
0732IbnMuhammadShihabDinBaghdadi,732
0478IbnCabSamadQattan,478
0677IbnMuyassar,677
0803MalikAshrafIsmacilRasuli,803
0871IbnCuthmanShamsDinMardini,871
0734IbnQaddahHawari,734
0482IbnSacidNucmani,482
0542IbnCaliIbnJullabiWasiti,542
0393IbnShahidQurtubi,393
0250CabdMasihNacimi,250
0367IbnQutiyya,367
0400IbnMuhammadBusti,400
0300QustaIbnLuqa,300
0696IbrahimDasuqi,696
0771SharifTilimsani,771
0572CuthmaniDibaji,572
0673AbuMacaliQunawi,673
0428MihyarDaylami,428
0421IbnDarrajQastali,421
0630IbnCunayn,630
0429IbnShihabCukburi,429
0305AbuCuthmanDimashqi,305
0683IbnMansurIbnKammuna,683
0766QutbDinRazi,766
0436AbuFadlMikali,436
0573RashidWatwat,573
0694MuzaffarDinIbnSacati,694
0709IbnAtaAllahSikandari,709
0768IbnNubataShacir,768
0378IbnAhmadDarimi,378
0434AnonymousDruze,434
0791IbnCumarHalabiHamawi,791
0528HakamIbnAbiSalt,528
0420IbnMuhammadIbnFadala,420
0487IbnCaliShirazi,487
0632SharafDinIbnFarid,632
0587AbuMacaliFurawi,587
0632IsmacilMarwazi,632
0714AhmadGhibrini,714
0723IbnAjrum,723
0470IbnMalikYamani,470
0507AbiwardiShacir,507
0344NizamDinShashi,344
0572RusafiBalansi,572
0721IbnBannaMarrakushi,721
0457IbnAbiHasina,457
0566AbuMascudHajji,566
0524IbnAkfani,524
0480IbnHaddadQaysi,480
0339IbnAshnani,339
0607AbuMusaJazuli,607
0528IbnZaqqaqBalansi,528
0473IbnHayyus,473
0696SharafDinBusiri,696
0350Anonymous,350
0517IbnKhayyatShacir,517
0497IbnIbnZahraTuraythithi,497
0700MuhammadIbnSacidRawandi,700
0816IbnHajji,816
0570IbnYahyaSamawalMaghribi,570
0569CumaraYamani,569
0575MuallifMajhul,575
0548IbnQaysaraniShacir,548
0848IbnSarrajAndalusi,848
0583SibtIbnTacawidhiShacir,583
0617MansurIbnShahanshah,617
0567CarqalaKalbi,567
0353IbnSacidTanukhi,353
0614IbnJubayr,614
0323IbnMuhammadWasiti,323
0633CabdRahmanHamadhani,633
0350MuhammadIbnHasanJawhari,350
0656BahaDinZuhayr,656
0649IbnSahlAndalusi,649
0619IbnNabih,619
0275AnonTranslator,275
0533IbnBajja,533
0608IbnJacfarKatib,608
0478MutawalliNaysaburi,478
0330BahithIbnMarzuban,330
0864RadiDinGhazzi,864
0646IbnNamawarKhunaji,646
0730ShaficIbnCali,730
0300IbnShahdaKarkhi,300
0275IstifanIbnBasil,275
0450AnonymousTranslator,450
0677IbnAhmadIbnZahirIrbili,677
0749IbnCaliSirajDinBazzaz,749
0862IbnMuhammadMujari,862
0717CalaDinIbnCabdZahir,717
0581IbnTufayl,581
0821IbnCaliMaqdisi,821
0395IbnJazzar,395
0656IbnYusufSarsari,656
0795IbnZumruq,795
0697AbuCabbasShihabDinNabulusi,697
0634AbuBakrSabuni,634
0650IbnNazifHamawi,650
0815MuhibbDinIbnShihnaHalabi,815
0894IbnMuhammadDimashqiHaydari,894
0875IbnMuhammadShihabDinHijazi,875
0164MajishunMadani,164
0300CisaIbnYahya,300
0341MansurBiAllah,341
0361IbnIbrahimTustari,361
0450IbnYacqubDibaji,450
0462AbuSulaymanDawudWarjalani,462
0482AbuIshaqHabbal,482
0503AbuTahirNahawandi,503
0713ShihabDinDashti,713
0749IbnAkfaniSinjari,749
0797AbuBakrMawsili,797
0825IbnQasimSabti,825
0850Ruhawi,850
0895AbuCabdAllahSanusi,895
