Book,Meta,Count
Shia003616Vols-ara1,0845Maqrizi.ImtacAsmac,4
ShamAY0034392-ara1,0728IbnTaymiyya.SharhCaqidaIsfahaniyya,1
Shia002218Vols-ara1,0762IbnYusufZaylaci.TakhrijAhadith,3
ShamAY0034052-ara1,0538JarAllahZamakhshari.Kashshaf,4
Shamela0023614-ara2,0150MuqatilIbnSulayman.TafsirMuqatil,4
Shia001432Vols-ara1,Not found,15
Tafsir05047-ara1,0850Acqam.Tafsir,1
Shia002337Vols-ara1,0329IbnIbrahimQummi.Tafsir,2
Tafsir06049-ara1,1332QutbAtfayyish.HamayanZad,5
Shamela0023700-ara1.completed,0630IbnAthirCizzDin.UsdGhaba,5
Shia002669-ara1,0911Suyuti.TafsirJalalayn,8
Shamela0008635-ara1,1031CabdRaufMunawi.FathSamawi,1
Shia003656Vols-ara1,1450MuhammadHadiYusufi.MawsucatTarikhIslam,4
Tafsir09085-ara1,1450MuhammadCaliSabuni.TafsirAyatAhkam,2
Shamela0023193-ara1,0666IbnAbiBakrZaynDinRazi.MukhtarSihah,1
Shamela0037458-ara1,1307Qannawji.FathBayan,8
Shamela0023578-ara1.completed,0427AbuIshaqThaclabi.KashfWaBayan,7
Shamela0023629-ara1,0465IbnHawazinQushayri.LataifIsharat,3
ShamAY0034059-ara1,1127IsmacilHaqqiBurusawi.RuhBayan,3
Shamela0023623-ara1,1250Shawkani.FathQadir,10
Shamela0023635-ara1,0606FakhrDinRazi.MafatihGhayb,8
Shia000001-ara1,0001KitabAllah.QuranKarim,1
Shamela0006947-ara1,1354RashidRida.Manar,2
Shamela0023628-ara1.completed,0741KhazinBaghdadi.LubabTawil,9
ShamIbadiyya0000194-ara1,0280HudHawari.Tafsir,2
Sham19Y0147312-ara1,0643MuntajibHamadhani.FaridFiIcrab,4
Shamela0021766-ara1,1225ThanaAllahPanipati.TafsirMazhari,7
JK000791-ara1,0597IbnJawzi.ZadMasir,6
Shamela0009780-ara1,0893IbnAbiBakrHadari.BahjatMahafil,2
Sham19Y0014827-ara1,0825IbnNurDin.TaysirBayan,1
Shamela0012293-ara1,1421MuhammadCuthaymin.MajmucFatawa,2
Shamela0001394-ara1,0710IbnAhmadHafizDinNasafi.Tafsir,4
Tafsir07076-ara1,1418MuhammadMutawalliShacrawi.Khawatir,4
Shamela0001733-ara1,0360Tabarani.MucjamKabir,3
Shamela0009784-ara1,0966HusaynDiyarbakri.TarikhKhamis,1
Shamela0023631-ara1,1332IbnMuhammadJamalDinQasimi.MahasinTawil,9
JK009256-ara1,0852IbnHajarCasqalani.NukatZiraf,1
Shamela0038011-ara1.completed,1450SalahMahmudKhaymi.FihrisZahiriyyaCulumQuran,1
ShamAY0034208-ara1,0616BurhanDinBukhari.MuhitBurhani,1
JK000458-ara1,0982IbnMuhammadAbuSacud.IrshadCaqlSalim,6
Shia002382Vols-ara1,1091MuhammadMuhsinFaydKashani.TafsirSafi,5
Shamela0007798-ara1.inProgress,0310Tabari.JamicBayan,13
Shia002702Vols-ara1,1270ShihabDinAlusi.RuhMacani,8
Shamela0029743-ara1,0905IbnCabdRahmanIjiShafici.Tafsir,5
Shamela0023613-ara1,0730NizamDinNaysaburi.GharaibQuran,8
Shamela0023594-ara1,0367AbuLaythSamarqandi.BahrCulum,4
ShamAY0034054-ara1,1281IbnMuhammadShawkani.TafsirFathQadir,7
Tafsir07057-ara1,1431MuhammadSayyidTantawi.TafsirWasit,4
Zaydiyya0000037Vols-ara1,1055AhmadSharafi.AliMudia,1
Shamela0023591-ara1.completed,0745AbuHayyanGharnati.TafsirBahrMuhit,4
Shia004552Vols-ara1,1328MuhammadJawadBalaghi.HudaIlaDinMustafa,2
Shamela0010517-ara1,1450MusaCaffana.Fatawa,5
ShamAY0034055-ara1,1342MahmudShukriAlusi.RawhMacani,3
Sham19Y0150960-ara1,1150IbnCaqila.Ziyada,4
ShamAY0034068-ara2,0977KhatibShirbini.SirajMunir,3
Shia003461Vols-ara1.completed,0262CumarIbnShabba.TarikhMadina,6
Shamela0025800-ara1,0606IbnAthirMajdDin.MucjamJamic,4
Shamela0009883-ara1,0505Ghazali.JawahirQuran,2
Shamela0009231-ara1,0502RaghibIsbahani.Tafsir,5
Sham19Y0020891-ara1,0743SharafDinTibi.FutuhGhayb,6
ShamIbadiyya0000075-ara1,1207SacidKindi.TafsirMuyassar,3
JK007095-ara1,0399IbnAbiZamanaynIlbiri.Tafsir,2
ShamAY0036736-ara1,0468IbnAhmadWahidiNaysaburi.AsbabNuzul,4
Shia002394Vols-ara1,1125MirzaMuhammadMashhadi.TafsirKanzDaqaiq,8
Shia002406Vols-ara1,1412SayyidTabatabai.TafsirMizan,8
ShamAY0036821-ara1,0458IbnSidaMursi.IcrabQuran,2
Shamela0002247-ara1,0911Suyuti.LubabNuqul,2
Shamela0009759-ara1,1307Qannawji.NaylMaram,2
Tafsir09084-ara1,1450MuhammadCaliSabuni.MukhtasarTafsirIbnKathir,5
Shia002389Vols-ara1,1112IbnJumcaHuwayzi.TafsirNurThaqalayn,2
JK000916-ara1.mARkdown,0571IbnCasakir.TarikhDimashq,3
Shamela0000041-ara1.completed,0510IbnMascudBaghawi.Tafsir,6
Tafsir02018-ara1,0725KhazinBaghdadi.LubabTawil,5
Shia002616Vols-ara1,0671AbuCabdAllahQurtubi.JamicLiAhkamQuran,6
Shamela0009200-ara1,0418HibatAllahLalikai.SharhUsulIctiqad,1
Shamela0009690-ara1,0728IbnTaymiyya.FatawaKubra,1
Shamela0095590-ara1,0333AbuMansurMaturidi.Tafsir,4
Shamela0003118-ara1.completed,0711IbnManzurIfriqi.MukhtasarTarikhDimashq,4
Shamela0028100-ara1,0393IbnHammadJawhari.MuntakhabMinSihahJawhari,1
ShamAY0033108-ara1,0360Tabarani.Tafsir,3
Shamela0010273-ara1,1224IbnCajiba.BahrMadid,5
JK009408-ara1.completed,0430AbuNucaymIsbahani.MacrifaSahaba,1
Shamela0023587-ara1,0338AbuJacfarNahhas.IcrabQuran,2
Shamela0021809-ara1,0774IbnKathir.JamicMasanid,3
Shia002380Vols-ara1,1091MuhammadMuhsinFaydKashani.TafsirAsfa,4
Shamela0010496-ara1,0584IbnMunqidhShayzari.LubabAdab,1
ShamAY0034073-ara1,0885BurhanDinBiqaci.NazmDurar,5
JK006476-ara1,0489IbnMuhammadSamcani.TafsirQuran,5
Tafsir03095-ara1,0561CabdQadirJilani.Tafsir,1
Shamela0009776-ara1,1393MuhammadTahirIbnCashurTunisi.TahrirWaTanwir,4
Tafsir02014-ara1,0541IbnCatiyaAndalusi.MuharrirWajiz,2
JK000865-ara1,0817MajdDinFiruzabadi.TanwirMiqbas,1
Shamela0012406-ara1.mARkdown,0597IbnJawzi.Muntazam,1
Sham19Y0023618-ara1,0873AbuZaydThacalibi.JawahirHisan,6
Shia002359Vols-ara1,0548IbnHasanTabarsi.TafsirMajmacBayan,6
ShamAY0034050-ara1,0204Shafici.TafsirShafici,1
Shamela0000782-ara1,1420MuhammadNasirDinAlbani.SahihWaDacifSunanTirmidhi,3
Shamela0036446-ara1,1094IbnSulaymanRudani.JamcFawaid,3
ShamAY0033945-ara4,0405HakimNaysaburi.Mustadrak,3
Shamela0023588-ara1,0685NasirDinBaydawi.AnwarTanzil,4
ShamAY0033901-ara1,0505Ghazali.Fadaih,1
Shamela0008473-ara1.completed,0774IbnKathir.TafsirQuran,7
Shamela0004473-ara1,1450JamicaIslamiyya.MajallaJIMN,4
Shamela0000922-ara1,0311IbnSariZajjaj.MacaniQuran,3
JK001480-ara1,0741IbnAhmadGharnatiKalbi.TashilLiCulumTanzil,1
Shamela0000432-ara1,1450DarIftaMisriyya.FatawaDarIfta,1
ShamAY0034066-ara1,0429AbuMansurThacalibi.Jawahir,1
JK007018-ara1,0660SultanCulamaCizzDinDimashqi.TafsirQuran,2
JK009266-ara1,0800IbnCadilHanbali.LubabFiCulumKitab,8
Shamela0004289-ara1,0581IbnKharratIshbili.AhkamSharciyya,3
JK006950-ara1,0728IbnTaymiyya.RasailWaFatawa,1
Shia002356Vols-ara1,0548IbnHasanTabarsi.TafsirJawamicJamic,4
Shamela0022928-ara1,0616MuhibbDinCukbari.TibyanFiIcrabQuran,3
Sham19Y0014404-ara1,0928MujirDinCulaymi.FathRahman,3
Shamela0021537-ara1,1420IbnBaz.MajmucFatawa,1
Shamela0000170-ara1,0728IbnTaymiyya.JawabSahih,1
JK000778-ara1.completed,0463IbnCabdBarr.IsticabFiMacrifatAshab,1
JK010552-ara1,0390IbnZakariyaNahrawani.JalisSalih,3
Zaydiyya0000062-ara1,0810IbnHadi.JawharShaffaf,7
Shamela0023606-ara1,0751IbnQayyimJawziyya.TafsirQuran,1
Tafsir10098-ara1,1376CabdRahmanSacdi.TaysirKarimRahman,1
Zaydiyya0000047-ara1,0822HadiIbnWazir.NihayatTanwih,1
Tafsir03037-ara1,1124IbnMuhammadIbnCajibaFasiSufi.BahrMadid,4
Tafsir09083-ara1,1450MuhammadCaliSabuni.SafwatTafasir,4
Zaydiyya0000388-ara1,1077Jurmuzi.JawharaMunira,1
Shamela0009773-ara1.completed,0279Baladhuri.AnsabAshraf,3
Shia002341Vols-ara1,0460ShaykhTusi.Tibyan,3
Shamela0003722-ara1.completed,0742Mizzi.TahdhibKamal,1
Tafsir02091-ara1,0360Tabarani.TafsirKabir,2
Shamela0012884-ara1.completed,0911Suyuti.DurrManthur,6
Shamela0023624-ara1,0920IbnMahmudNakhjawani.FawatihIlahiyya,1
Shamela0008658-ara1,0327IbnAbiHatimRazi.Tafsir,4
Zaydiyya0000149-ara1,1450MuhammadIbnHasanCujri.IclamAclam,1
Shamela0023632-ara1.completed,0541IbnCatiyyaAndalusi.MuharrarWajiz,6
Shamela0022371-ara1,0215AkhfashAwsat.MacaniQuran,1
Tafsir06048-ara1,0250HudHawari.Tafsir,2
Sham19Y0018567-ara1,0403AbuCabdAllahHalimi.MinhajFiShucabIman,1
Zaydiyya0000406-ara1,0700YahyaIbnQasimIbnYahya.SiratAbiTayr,2
Shamela0008514-ara1,1225IbnGhannamMalikiNajdi.CiqdThamin,1
Sham19Y0014309-ara1,1182IbnIsmacilSancani.Tahbir,5
Zaydiyya0000161-ara1,1377SharafDinCamili.NassWaIjtihad,1
Sham19Y0013231-ara1,0468IbnAhmadWahidiNaysaburi.WasitFiTafsir,2
Shamela0011788-ara1.completed,1351IbnHusaynGhazzi.NahrDhahab,2
ShamIbadiyya0000074-ara1,1200CabdAllahIbnBashirHadrami.KawkabDurri,1
Tafsir02096-ara1,1241IbnMuhammadKhalwatiSawi.HashiyaCalaTafsirJalalayn,1
JK000462-ara1,0468IbnAhmadWahidiNaysaburi.WajizFiTafsir,2
Shamela0022769-ara1,1316IbnCumarBantaniJawi.MarahLabid,3
JK009396-ara1,0450AbuHasanMawardi.NukatWaCuyun,2
Zaydiyya0000086-ara1,1428MajdDinMuayyadi.Tuhaf,1
JK000917-ara1.completed,0543IbnCarabiIshbili.AhkamQuran,1
Shamela0009770-ara1.completed,0634AbuRabicHimyari.Iktifa,1
Tafsir04042-ara1,1350SultanCaliShahGanabadhi.TafsirBayanSacada,1
Shia004015-ara1,0726CallamaHilli.KitabAlfayn,1
ShamAY0034230-ara1,0914IbnYahyaWansharisi.Micyar,1
Shia003706-ara1,0664IbnTawus.FalahSail,1
Shia000819-ara1,0204Shafici.Risala,1
Sham19Y0145411-ara2,0751IbnQayyimJawziyya.MiftahDarSacada,1
Shamela0009856-ara1,0817MajdDinFiruzabadi.BasairDhawiTamyiz,1
ShamIbadiyya0000391-ara1,1332NurDinSalimi.BadhlMajhud,1
Sham19Y0013223-ara2,0656IbnCabdQawiMundhiri.TarghibWaTarhib,1
Sham19Y0014592-ara1,1061NajmDinGhazzi.HusnTanabbuh,1
JK000134-ara1.completed,0852IbnHajarCasqalani.TahdhibTahdhib,1
Sham19Y0013550-ara1,0716NajmDinTufi.Isharat,3
Shamela0006446-ara1,0535QawwamSunna.HujjaFiBayanMahajja,1
ShamAY0033729-ara1,0671AbuCabdAllahQurtubi.TadhkarFiAfdalAdhkar,1
Sham19Y0018147-ara1.completed,0736IbnDawadari.KanzDurar,1
ShamAY0038640-ara1,0458QadiAbuYacla.CuddaFiUsulFiqh,1
JK003609-ara1.completed,0764Safadi.WafiBiWafayat,1
Shamela0021493-ara1.mARkdown,0535QawwamSunna.SiyarSalaf,1
Shamela0005756-ara1.completed,0855BadrDinCayni.CumdatQari,1
Zaydiyya0000474-ara1,1450MajalisAlMuhammad.MaqalatIslamiyya,1
Shamela0023636-ara1,0502RaghibIsbahani.Mufradat,1
JK000381-ara1,0728IbnTaymiyya.MajmucFatawa,1
Shia001269-ara1,0260IbnShadhanAzdi.Idah,1
Shamela0000736-ara2.mARkdown,0463KhatibBaghdadi.TarikhBaghdad,1
Shamela0001687-ara1.completed,0711IbnManzurIfriqi.LisanCarab,1
Shamela0011385-ara1,0742Mizzi.TuhfatAshraf,1
Sham19Y0013252-ara1,0804IbnMulaqqin.Tawdih,1
Sham19Y0132524-ara1,0656AbuCabbasAnsariQurtubi.Mufhim,1
Tafsir10066-ara1,1450AbuBakrJazairi.AysarTafasir,2
Sham19Y0018612-ara1,0751IbnQayyimJawziyya.IghathatLahfan,1
Shia003906Vols-ara1,0393IbnHammadJawhari.SihahTajLugha,1
Sham19Y0029560-ara1,0947BamakhramaHimyari.QiladatNahr,1
